[
  {
    "id": "34ebdc33-943e-433f-9c63-d032872f67fd",
    "data": [
      {
        "text": "complex table",
        "userDefined": false
      }
    ],
    "isTemplate": false,
    "count": 0,
    "updated": 0
  },
  {
    "id": "00de8a38-5eff-4ec5-a7a6-8f0487b221b8",
    "data": [
      {
        "text": "complex table card",
        "userDefined": false
      }
    ],
    "isTemplate": false,
    "count": 0,
    "updated": 0
  },
  {
    "id": "46deccd1-daeb-4a06-ae47-f9f199670b26",
    "data": [
      {
        "text": "advanced table",
        "userDefined": false
      }
    ],
    "isTemplate": false,
    "count": 0,
    "updated": 0
  },
  {
    "id": "74934edd-0a4b-4201-af8a-2874c703a754",
    "data": [
      {
        "text": "show me an advanced table cardadvanced table",
        "userDefined": false
      }
    ],
    "isTemplate": false,
    "count": 0,
    "updated": 0
  }
]