[
  {
    "id": "16035298-d723-434b-8a5a-723bd8bb9a09",
    "data": [
      {
        "text": "show me a media response",
        "userDefined": false
      }
    ],
    "isTemplate": false,
    "count": 0,
    "updated": 0
  },
  {
    "id": "096c44e6-fc6e-4680-939d-562a1728b0e5",
    "data": [
      {
        "text": "show me media",
        "userDefined": false
      }
    ],
    "isTemplate": false,
    "count": 0,
    "updated": 0
  },
  {
    "id": "3b250f38-b5de-4c8e-bb73-97d993a63f5e",
    "data": [
      {
        "text": "media responses",
        "userDefined": false
      }
    ],
    "isTemplate": false,
    "count": 0,
    "updated": 0
  },
  {
    "id": "65bffa30-f597-4363-bda6-38e20425e766",
    "data": [
      {
        "text": "media",
        "userDefined": false
      }
    ],
    "isTemplate": false,
    "count": 0,
    "updated": 0
  }
]