[
  {
    "id": "4c69e20a-443b-4e40-9b7a-7e98ec29bd66",
    "data": [
      {
        "text": "show me a simple response",
        "userDefined": false
      }
    ],
    "isTemplate": false,
    "count": 0,
    "updated": 0
  },
  {
    "id": "ff257102-6fcd-4a4f-b95f-0dd983a47c03",
    "data": [
      {
        "text": "simple",
        "userDefined": false
      }
    ],
    "isTemplate": false,
    "count": 0,
    "updated": 0
  },
  {
    "id": "f884b140-5e5a-465c-9e12-423e43c3b24e",
    "data": [
      {
        "text": "simple response",
        "userDefined": false
      }
    ],
    "isTemplate": false,
    "count": 0,
    "updated": 0
  }
]