[
  {
    "id": "9b584667-7c2c-4f6f-bb99-5839f78f7413",
    "data": [
      {
        "text": "show me a table card",
        "userDefined": false
      }
    ],
    "isTemplate": false,
    "count": 0,
    "updated": 0
  },
  {
    "id": "2cd614c9-d7db-43d2-a187-39f50feabde9",
    "data": [
      {
        "text": "show me a table",
        "userDefined": false
      }
    ],
    "isTemplate": false,
    "count": 0,
    "updated": 0
  },
  {
    "id": "b4d8558c-f041-42e2-a4c9-e36ae2815182",
    "data": [
      {
        "text": "table cards",
        "userDefined": false
      }
    ],
    "isTemplate": false,
    "count": 0,
    "updated": 0
  }
]