[
  {
    "id": "fedcdbae-cb7c-4fa2-8bbb-1e4af8885f6a",
    "data": [
      {
        "text": "speech synthesis markup language",
        "userDefined": false
      }
    ],
    "isTemplate": false,
    "count": 0,
    "updated": 0
  },
  {
    "id": "4461e04f-c59d-4105-aead-9142b412833e",
    "data": [
      {
        "text": "speech synthesis",
        "userDefined": false
      }
    ],
    "isTemplate": false,
    "count": 0,
    "updated": 0
  },
  {
    "id": "97bbd187-5cc9-4136-b951-5c1f828581a1",
    "data": [
      {
        "text": "ssmls",
        "userDefined": false
      }
    ],
    "isTemplate": false,
    "count": 0,
    "updated": 0
  },
  {
    "id": "a064dfc1-2fa4-4d3a-89a0-a646d24076cc",
    "data": [
      {
        "text": "show me ssml",
        "userDefined": false
      }
    ],
    "isTemplate": false,
    "count": 0,
    "updated": 0
  }
]