[
  {
    "id": "77e7d0a1-c71e-40a0-9ed3-4fc00dfc96e1",
    "data": [
      {
        "text": "show me suggestion chips",
        "userDefined": false
      }
    ],
    "isTemplate": false,
    "count": 0,
    "updated": 0
  },
  {
    "id": "a7e45a8b-e864-4faf-8b99-207d51c1654c",
    "data": [
      {
        "text": "show me suggestions",
        "userDefined": false
      }
    ],
    "isTemplate": false,
    "count": 0,
    "updated": 0
  },
  {
    "id": "b498d227-06d5-466a-98cb-6617f93ed83f",
    "data": [
      {
        "text": "chips",
        "userDefined": false
      }
    ],
    "isTemplate": false,
    "count": 0,
    "updated": 0
  },
  {
    "id": "1ed4c334-e454-4ef6-9127-b5803ad716af",
    "data": [
      {
        "text": "Suggestion chips",
        "userDefined": false
      }
    ],
    "isTemplate": false,
    "count": 0,
    "updated": 0
  }
]