[
  {
    "id": "684e6f7a-a77c-4aaf-aa6d-b1a4effeea65",
    "data": [
      {
        "text": "Suggestion ",
        "userDefined": false
      },
      {
        "text": "3",
        "meta": "@sys.ignore",
        "userDefined": false
      }
    ],
    "isTemplate": false,
    "count": 0,
    "updated": 0
  },
  {
    "id": "5bbe9874-faa1-422b-ae3e-4d09b4efd427",
    "data": [
      {
        "text": "Suggestion ",
        "userDefined": false
      },
      {
        "text": "2",
        "meta": "@sys.ignore",
        "userDefined": false
      }
    ],
    "isTemplate": false,
    "count": 0,
    "updated": 0
  },
  {
    "id": "06257f6a-b035-4497-97a6-83692a07959f",
    "data": [
      {
        "text": "Suggestion 1",
        "userDefined": false
      }
    ],
    "isTemplate": false,
    "count": 0,
    "updated": 0
  }
]